query,response_small,response_time_small,response_medium,response_time_medium,small_sufficient
What is 15 multiplied by 8?,"To solve the problem of multiplying 15 by 8, you simply add 15 to itself 8 times:

\[ 15 \times 8 = 15 + 15 + 15 + 15 + 15 + 15 + 15 + 15 \]

So, the result is:

\[ 15 \times 8 = 120 \]",13.450658082962036,"To calculate \( 15 \times 8 \), you simply multiply the two numbers together:

\[ 15 \times 8 = 120 \]

So, 15 multiplied by 8 equals 120.",8.843168258666992,1
Explain the difference between a Python list and tuple.,"Certainly! A list in Python is an ordered collection of items that can be accessed using an index (similar to arrays in other programming languages), but it has some key differences compared to tuples.

### List vs Tuple

1. **Order**: Lists are mutable, meaning their order can be changed after creation.
    - Example: `list = [1, 2, 3]` creates a list with three elements `[1, 2, 3]`.
    - Example: `list[0] = 'a'` changes the first element to `'a'`.

- **Indexed Access**: Lists support indexing similar to arrays or strings.
    - For example:
        ```python
        my_list = ['apple', 'banana', 'cherry']
        print(my_list[0])  # Output: apple
        ```

- **Tuple**: Tuples are immutable, which means once a tuple is created, its contents cannot be changed.
    - Example: `my_tuple",29.81472682952881,"In Python, both lists and tuples are used to store collections of items. However, there are some key differences between them:

1. Mutability: Lists are mutable, which means that you can change their contents after they have been created. Tuples, on the other hand, are immutable, meaning that once they are created, you cannot modify their contents.

2. Syntax: Lists are defined using square brackets [], while tuples are defined using parentheses ().

3. Performance: Because tuples are immutable, accessing elements in a tuple is faster than accessing elements in a list. This is because the interpreter doesn't need to create new memory locations for each element when an index is accessed.

4. Usage: Lists are often used to represent sequences or arrays of data where changes may be needed later on. Tuples are typically used to represent fixed-size collections of data that should not be modified.

5. Readability: In general, tuples tend to be more readable than lists because they don't require the use",34.19703984260559,1
Write a Python function to check if a number is prime.,"Certainly! Here's an example Python function that checks whether a given number is prime:

```python
def is_prime(n):
    """"""
    Check if the given number n is prime.

    Parameters:
        - n (int): The number to be checked for primality

    Returns:
        bool: True if n is prime, False otherwise.
    """"""

    # 0 and 1 are not primes
    if n <= 1:
        return False
    
    # 2 is the only even prime number
    if n == 2:
        return True
    
    # All other even numbers are not primes
    if n % 2 == 0:
        return False
    
    # Check for factors from 3 to the square root of n
    i = 3
    while i * i <= n:
        if n % i == 0:
            return False
        i += 2
    
    # If no divisors were found, n is prime",29.786632299423218,"Certainly! Here's a simple Python function that checks whether a given number is prime or not:

```python
def is_prime(n):
    """"""
    Check if the given number n is a prime number.

    Parameters:
    - n (int): The number to be checked.

    Returns:
    - bool: True if n is prime, False otherwise.
    """"""

    # 1 and negative numbers are not considered primes
    if n <= 1:
        return False

    # Handle even numbers separately for efficiency
    if n == 2:
        return True
    if n % 2 == 0:
        return False

    # Check only up to the square root of n for factors
    for i in range(3, int(n**0.5) + 1, 2):
        if n % i == 0:
            return False

    return True
```

This function works as follows:

1. It first handles some edge cases",34.24812030792236,0
Explain recursion and give a Python example.,"Recursion is a programming technique where a function calls itself repeatedly until a certain condition is met. This can be particularly useful for solving problems that have a ""closed"" structure or one that has an infinite loop.

In the context of Python, recursion allows you to solve complex problems in a concise and elegant way. Here's a simple example:

```python
def factorial(n):
    if n == 0:
        return 1
    else:
        return n * factorial(n - 1)

# Example usage
result = factorial(5)
print(result)  # Output: 120
```

### Explanation:
- **Factorial Function**: The `factorial` function takes an integer `n` as input.
- **Base Case**: If `n` equals 0, the function returns 1 because any number multiplied by 0 results in 0.
- **Recursive Case**: For any other value of `n`, the function calls itself with the argument `n",29.72310161590576,"Recursion is a programming technique where a function calls itself repeatedly until it reaches a base case that stops the recursion process.

In Python, we can define recursive functions using the `def` keyword followed by the function name and parentheses to specify any required arguments. The body of the function contains an expression or statement, which is evaluated after each recursive call. This expression or statement should include a reference to the function itself (usually through its name) so that the function can make another recursive call.

Here's a simple example in Python:

```python
def factorial(n):
    # Base case: if n is 0 or 1, return 1
    if n == 0 or n == 1:
        return 1
    else:
        # Recursive case: multiply n by the factorial of (n-1)
        return n * factorial(n - 1)

# Call the function with an argument
result = factorial(5)
print(result)  # Output will be ",34.73489046096802,1
Solve this problem: Find the time complexity of binary search.,"The time complexity of a binary search algorithm is O(log n), where n is the size of the data set being searched through.

Binary search works by repeatedly dividing the search space in half until the target value is found or the search space is empty (i.e., all elements have been processed). This process involves making several comparisons and potentially shifting the search range to the left or right depending on whether the current element is greater than or less than the target value.

For example, consider an array with 1000 elements:

- The first iteration will involve comparing each element with the middle one.
- In the second iteration, we compare the middle element with the next element.
- And so on...

Each comparison reduces the search space by half at each step. Therefore, after each iteration, the number of comparisons needed grows logarithmically with the size of the input.

This makes binary search very efficient for large datasets, as it reduces the overall time required to find the target value compared to linear",30.4230375289917,"The time complexity of Binary Search is O(log n).

Here's how it works:

1) The algorithm repeatedly divides the list in half.

2) It compares the target value to the middle element of the array.

3) If the target value matches the middle element, its position in the sorted list is returned.

4) If the target value is less than the middle element, then the search continues on the lower half of the array.

5) If the target value is greater than the middle element, then the search continues on the upper half of the array.

6) This process repeats until the target value is found or determined not to be present in the list.

7) Because each comparison reduces the size of the search space by half (logarithmic growth), the worst-case time complexity for Binary Search is O(log n).",28.340422868728638,0
Write a Python program to sort a list using bubble sort.,"Certainly! Bubble Sort is a simple sorting algorithm that repeatedly steps through the list, compares adjacent elements and swaps them if they are in the wrong order. The pass through the list is repeated until the list is sorted.

Here's a Python program to implement bubble sort:

```python
def bubble_sort(arr):
    n = len(arr)
    
    # Traverse through all array elements
    for i in range(n):
        # Last i elements are already in place
        for j in range(0, n-i-1):
            # Swap if the element found is greater than the next element
            if arr[j] > arr[j+1]:
                arr[j], arr[j+1] = arr[j+1], arr[j]
                
# Example usage:
if __name__ == ""__main__"":
    sample_list = [64, 34, 25, 12, 22, 11, 90]
    print(""Original List:"",",30.133506536483765,"Certainly! Below is a simple implementation of the Bubble Sort algorithm in Python:

```python
def bubble_sort(arr):
    n = len(arr)
    
    # Traverse through all array elements
    for i in range(n):
        # Last i elements are already in place
        for j in range(0, n-i-1):
            # Swap if the element found is greater than the next element
            if arr[j] > arr[j+1]:
                arr[j], arr[j+1] = arr[j+1], arr[j]
                
# Example usage:
if __name__ == ""__main__"":
    sample_list = [64, 34, 25, 12, 22, 11, 90]
    print(""Original List:"", sample_list)

    bubble_sort(sample_list)
    print(""Sorted List:"", sample_list)
```

### Explanation:
1. **Function Definition**: The `bubble_sort` function takes an input",34.71888041496277,1
Explain the difference between supervised and unsupervised learning.,"Supervised learning and unsupervised learning are two different types of machine learning algorithms used for various tasks.

In supervised learning, we have labeled data where each input has an associated output (label). The goal is to learn a mapping from inputs to outputs that can be used to make predictions or classifications. This process involves training a model on this labeled dataset using techniques such as regression, classification, clustering, etc. Once trained, the model can be used to predict new values based on the input features.

On the other hand, in unsupervised learning, there is no labeled data available. Instead, the goal is to find patterns, clusters, or structures within the data without any explicit labels attached. Unsupervised learning methods include clustering, dimensionality reduction, feature extraction, and others. These techniques help identify hidden structures in the data, which can be useful for understanding complex systems or identifying outliers.

To summarize, while supervised learning uses labeled data to train models, unsupervised learning uses unlabeled",30.328208923339844,"Supervised learning is a type of machine learning where the model learns from labeled data, meaning that each input has an associated output or label. The goal is to learn a mapping function from inputs to outputs so that it can make accurate predictions on new, unseen data. Examples of supervised learning include regression (predicting continuous values), classification (predicting discrete categories), and clustering (grouping similar instances).

Unsupervised learning, on the other hand, involves finding patterns in unlabeled data without any prior knowledge about what kind of labels should be used for each instance. It aims to identify hidden structures within the data, such as grouping similar items together or discovering underlying relationships among variables. Common examples of unsupervised learning tasks include clustering (like K-means or hierarchical clustering) and dimensionality reduction (like Principal Component Analysis - PCA).

In summary:
- **Supervised Learning**: Uses labeled data to train models.
- **Unsupervised Learning**: Works with unlabeled data to find patterns and structure",34.08792853355408,1
A train travels 120 km in 2 hours. What is its average speed?,"To calculate the average speed of the train, we use the formula for average speed:

\[ \text{Average Speed} = \frac{\text{Total Distance}}{\text{Total Time}} \]

Given that the train travels 120 kilometers in 2 hours, we can plug these values into the formula:

\[ \text{Average Speed} = \frac{120 \text{ km}}{2 \text{ hours}} \]

Now, let's perform the division:

\[ \text{Average Speed} = 60 \text{ km/hour} \]

So, the average speed of the train is 60 kilometers per hour.",20.78110408782959,"To calculate the average speed of the train, we use the formula:

\[ \text{Average Speed} = \frac{\text{Total Distance}}{\text{Total Time}} \]

Given that the train travels 120 kilometers (km) in 2 hours (h), we can plug these values into the formula:

\[ \text{Average Speed} = \frac{120\, \text{km}}{2\, \text{hours}} = 60\, \text{km/h} \]

So, the average speed of the train is \(60\) kilometers per hour (km/h).",22.46562957763672,1
Debug this Python code: for i in range(5) print(i),"The provided Python code is missing the `print` statement at the end of the loop, which prints each value of `i`. Here's the corrected version:

```python
for i in range(5):
    print(i)
```

This will output:

```
0
1
2
3
4
```

If you want to run the code as-is and see the numbers printed, you can do so by executing it directly in your terminal or command prompt without adding any additional printing statements.",15.541999816894531,"The provided Python code is almost correct, but it does not handle the case where `i` exceeds 4 because there's no break statement to stop the loop once `i` reaches 4.

Here's the corrected version of your code:

```python
for i in range(5):
    print(i)
```

If you want to ensure that the loop stops when `i` becomes greater than or equal to 5, you can add a condition inside the loop using an if-statement:

```python
for i in range(5):
    if i >= 5:
        break
    print(i)
```

In this version, the loop will only run up to and including 4, and then it will exit immediately after printing 4.",26.892196655273438,0
Explain how a neural network learns using backpropagation.,"Neural networks use the backpropagation algorithm to learn from data and adjust their weights in order to minimize the error between predicted values and actual values. Here's an overview of how this process works:

1. Forward Propagation:
   - The first step is to pass input data through the neural network.
   - Each neuron receives the output from its previous layer as input.

2. Error Calculation:
   - For each neuron, we calculate the difference between the expected output (from the model) and the actual output (from the data).
   - This difference represents the error or deviation between the predicted value and the true value.

3. Backward Propagation:
   - We then propagate these errors backwards through the network.
   - Starting from the final layer, we compute the derivative of the loss function with respect to that neuron's weight.
   - This derivative tells us how much the weight should be adjusted in order to reduce the overall error.

4. Weight Adjustment:
   - Using the computed",30.057642936706543,"Neural networks learn through the process of backpropagation, which is a method used to train artificial neural networks. The goal of training a neural network is to adjust its weights so that it can accurately predict the output given an input.

Here's a step-by-step explanation of how backpropagation works:

1. **Forward Propagation**: 
   - The input data passes through each layer of the neural network.
   - Each neuron in the network performs a weighted sum of its inputs and applies an activation function to produce an output.
   - This forward pass produces an intermediate result (the ""hidden representation"") for each neuron.

2. **Compute Loss**:
   - After passing through all layers, the final outputs are compared with the desired target values (ground truth) to calculate the loss or error between them.
   - A common loss function like Mean Squared Error (MSE) is often used here.

3. **Backward Propagation**:
   - Backpropagation starts from",34.156047344207764,0
